id,name
1,PORSCHE
2,WINNEBAGO
3,THOR MOTOR COACH
4,COACHMEN
8,HYUNDAI
9,JEEP
13,INFINITI
14,LINCOLN
15,TOYOTA
16,BUICK
17,KIA
21,TIFFIN
31,GRAND DESIGN
37,VOLKSWAGEN
44,NEWMAR
48,FCCC
57,JAGUAR
64,JAYCO
67,RIVIAN
77,FORD
79,HIGHLAND RIDGE
82,CHEVROLET
92,DODGE
98,GMC
99,KEYSTONE
110,GENESIS
119,FOREST RIVER
128,CADILLAC
130,TRIUMPH
133,THOMAS BUILT BUSES
145,HARLEY-DAVIDSON
146,HONDA
150,ALFA ROMEO
155,ACURA
193,INDIAN
194,MERCEDES-BENZ
258,KZRV
261,CROSSROADS
262,MITSUBISHI
263,WESTERN STAR
283,LAMBORGHINI
288,HEARTLAND
306,BMW
322,FIAT
323,BLUE BIRD
344,ISUZU
374,DRV
375,PETERBILT
421,MASERATI
423,HUSQVARNA
429,TESLA
452,SUBARU
467,KTM
470,CRUISER
493,TAXA
505,MACK
520,FIELD VAN
521,IC BUS
562,NISSAN
575,EAST TO WEST
584,LAND ROVER
596,CAN-AM
599,CHRYSLER
618,FLEETWOOD
620,LUCID
639,GENUINE SCOOTER
660,VANLEIGH
669,INTERNATIONAL
699,COACH HOUSE
707,NEW FLYER
721,TRAILSTAR
746,MINI
781,RENEGADE RV
782,XTREME OUTDOORS
783,SPARTAN
857,CLIPPER TOWABLE
858,RAM
867,SUZUKI
908,ENTEGRA
1009,AIRSTREAM
1014,FREIGHTLINER
1102,ALLIANCE RV
1157,DUTCHMEN
1197,STARCRAFT
1228,PRIME TIME
1232,POLESTAR
1245,PALOMINO
1357,MAZDA
1419,KENWORTH
1445,OLIVER TRAVEL TRAILERS
1481,OUTBACK CUSTOM
1497,VOLVO
1564,LEXUS
1579,DYNAMAX
1649,YAMAHA
1681,PIERCE
1691,GILLIG
1711,STEALTH
1726,HOLIDAY RAMBLER
1785,GEM
1800,AUDI
1805,EAST MANUFACTURING
1865,CRUISER RV
1884,SCION
1888,PAGANI
1906,RENEGADE
1926,CHARMAC
1969,MOTO GUZZI
1995,POLARIS
2019,APRILIA
2033,ROADTREK
2050,CEDAR CREEK
2051,FREIGHTLINER CUSTOM CHASS
2107,KAUFMAN
2145,HAUL MASTER
2179,MCLAREN
2239,CARGO EXPRESS
2253,DUCATI
2315,HYUNDAI TRANSLEAD
2421,TRANS TECH BUS
2546,LOOK
2563,THOR
2636,ITASCA
2639,AVION
2674,FERRARI
2748,KAWASAKI
2790,SHASTA
2812,GULF STREAM
2871,AMERICAN COACH
2961,UTILITY TRAILER
2962,CARGO MATE
2981,TEMSA
3069,OPEN RANGE
3121,EVERGREEN
3167,BISON
3206,MAHINDRA
3233,CHEROKEE
3278,VICTORY
3328,BRAUNABILITY
3340,CRUISE CAR
3364,NEXUS
3378,NORTHWOOD
3383,ROYAL ENFIELD
3474,AUTOCAR
3505,DELCO TRAILERS
3585,ROUSH CLEANTECH
3600,KYMCO
3605,LANCE CAMPER
3611,4-STAR
3696,WABASH NATIONAL
4070,STARCRAFT BUS
4135,SMART
4182,ROSENBAUER
4247,MAC TRAILERS
4300,BENTLEY
4561,MIDWEST AUTOMOTIVE DESIGN
4726,HME
4803,ESCAPE
4946,LANCE
5095,HOLIDAY HOUSE
5148,HINO
5347,CFMOTO
5496,NOVA BUS
5540,ALTEC
5614,PLEASURE WAY
5712,FISKER
5737,BATTLE MOTORS
6186,PJ TRAILERS
6394,BIG TEX
6413,VINFAST
6626,LOTUS
6790,LIVIN' LITE
6791,RIVERSIDE
6944,COLUMBIA
7061,CARADO
7148,ZERO
7308,LIVIN LITE
7424,MV AGUSTA
7605,CONTINENTAL CARGO
7825,LOAD TRAIL
7827,KME
8456,LIVEWIRE
8499,NIKOLA
8635,BRINKLEY RV
8670,LION
8744,PREVOST
8797,INEOS
8830,ASTON MARTIN
8951,BOWLUS
9087,PROTERRA
9157,GENESIS SUPREME
9274,ALUMA
9576,LAKOTA
9757,BRAXTON CREEK
9758,ARCIMOTO
10315,GRECH
10648,4 STAR
10708,ELECTRAMECCANICA
11091,TRIPLE E RV
11170,TRIPLE E
11380,COTTRELL
11546,FORETRAVEL
11580,CUSTOM FIRE
11690,ECLIPSE
11691,BLACK SERIES CAMPERS
11734,HORTON
12594,US CARGO
12698,STAR EV
13137,UTILITY
13312,URAL
13396,VAN HOOL
13602,PLEASANT VALLEY
14020,KENTUCKY TRAILER
14028,MCI
14130,TEMP AIR
14225,PACE
14312,OUTDOORS RV
